{
    "china": "china ",
    "italy": "italy ",
    "usa": "usa ",
    "spain": "spain ",
    "germany": "germany ",
    "iran": "iran ",
    "france": "france ",
    "s. korea": "south korea ",
    "switzerland": "switzerland ",
    "uk": "uk ",
    "netherlands": "netherlands ",
    "austria": "austria ",
    "belgium": "belgium ",
    "norway": "norway ",
    "sweden": "sweden ",
    "australia": "australia ",
    "portugal": "portugal ",
    "brazil": "brazil ",
    "canada": "canada ",
    "denmark": "denmark ",
    "malaysia": "malaysia ",
    "israel": "israel ",
    "turkey": "turkey ",
    "czechia": "czechia ",
    "japan": "japan ",
    "ireland": "ireland ",
    "pakistan": "pakistan ",
    "luxembourg": "luxembourg ",
    "ecuador": "ecuador ",
    "thailand": "thailand ",
    "diamond princess": "diamond princess ",
    "poland": "poland ",
    "chile": "chile ",
    "finland": "finland ",
    "greece": "greece ",
    "iceland": "iceland ",
    "indonesia": "indonesia ",
    "saudi arabia": "saudi arabia ",
    "qatar": "qatar ",
    "singapore": "singapore ",
    "russia": "russia ",
    "romania": "romania ",
    "india": "india ",
    "slovenia": "slovenia ",
    "philippines": "philippines ",
    "peru": "peru ",
    "bahrain": "bahrain ",
    "egypt": "egypt ",
    "estonia": "estonia ",
    "hong kong": "hong kong ",
    "mexico": "mexico ",
    "panama": "panama ",
    "south africa": "south africa ",
    "argentina": "argentina ",
    "croatia": "croatia ",
    "lebanon": "lebanon ",
    "colombia": "colombia ",
    "iraq": "iraq ",
    "serbia": "serbia ",
    "dominican republic": "dominican republic ",
    "algeria": "algeria ",
    "armenia": "armenia ",
    "bulgaria": "bulgaria ",
    "kuwait": "kuwait ",
    "slovakia": "slovakia ",
    "san marino": "san marino ",
    "taiwan": "taiwan ",
    "hungary": "hungary ",
    "uruguay": "uruguay ",
    "uae": "uae ",
    "lithuania": "lithuania ",
    "latvia": "latvia ",
    "costa rica": "costa rica ",
    "bosnia and herzegovina": "bosnia and herzegovina ",
    "vietnam": "vietnam ",
    "morocco": "morocco ",
    "north macedonia": "north macedonia ",
    "faeroe islands": "faeroe islands ",
    "andorra": "andorra ",
    "jordan": "jordan ",
    "new zealand": "new zealand ",
    "cyprus": "cyprus ",
    "moldova": "moldova ",
    "malta": "malta ",
    "albania": "albania ",
    "brunei": "brunei ",
    "cambodia": "cambodia ",
    "sri lanka": "sri lanka ",
    "venezuela": "venezuela ",
    "belarus": "belarus ",
    "burkina faso": "burkina faso ",
    "tunisia": "tunisia ",
    "ukraine": "ukraine ",
    "senegal": "senegal ",
    "azerbaijan": "azerbaijan ",
    "réunion": "réunion ",
    "kazakhstan": "kazakhstan ",
    "palestine": "palestine ",
    "guadeloupe": "guadeloupe ",
    "oman": "oman ",
    "georgia": "georgia ",
    "trinidad and tobago": "trinidad and tobago ",
    "liechtenstein": "liechtenstein ",
    "uzbekistan": "uzbekistan ",
    "martinique": "martinique ",
    "afghanistan": "afghanistan ",
    "cameroon": "cameroon ",
    "cuba": "cuba ",
    "channel islands": "channel islands ",
    "drc": "drc ",
    "nigeria": "nigeria ",
    "mauritius": "mauritius ",
    "bangladesh": "bangladesh ",
    "guam": "guam ",
    "honduras": "honduras ",
    "bolivia": "bolivia ",
    "ghana": "ghana ",
    "puerto rico": "puerto rico ",
    "monaco": "monaco ",
    "montenegro": "montenegro ",
    "paraguay": "paraguay ",
    "macao": "macao ",
    "guatemala": "guatemala ",
    "guyana": "guyana ",
    "jamaica": "jamaica ",
    "rwanda": "rwanda ",
    "french guiana": "french guiana ",
    "french polynesia": "french polynesia ",
    "togo": "togo ",
    "gibraltar": "gibraltar ",
    "kenya": "kenya ",
    "barbados": "barbados ",
    "ivory coast": "ivory coast ",
    "kyrgyzstan": "kyrgyzstan ",
    "maldives": "maldives ",
    "madagascar": "madagascar ",
    "tanzania": "tanzania ",
    "ethiopia": "ethiopia ",
    "mayotte": "mayotte ",
    "mongolia": "mongolia ",
    "aruba": "aruba ",
    "seychelles": "seychelles ",
    "bermuda": "bermuda ",
    "equatorial guinea": "equatorial guinea ",
    "u.s. virgin islands": "u.s. virgin islands ",
    "gabon": "gabon ",
    "isle of man": "isle of man ",
    "saint martin": "saint martin ",
    "suriname": "suriname ",
    "bahamas": "bahamas ",
    "greenland": "greenland ",
    "new caledonia": "new caledonia ",
    "eswatini": "eswatini ",
    "cayman islands": "cayman islands ",
    "curaçao": "curaçao ",
    "cabo verde": "cabo verde ",
    "car": "car ",
    "congo": "congo ",
    "el salvador": "el salvador ",
    "fiji": "fiji ",
    "liberia": "liberia ",
    "namibia": "namibia ",
    "st. barth": "st. barth ",
    "zambia": "zambia ",
    "zimbabwe": "zimbabwe ",
    "sudan": "sudan ",
    "angola": "angola ",
    "benin": "benin ",
    "bhutan": "bhutan ",
    "guinea": "guinea ",
    "haiti": "haiti ",
    "mauritania": "mauritania ",
    "nicaragua": "nicaragua ",
    "niger": "niger ",
    "saint lucia": "saint lucia ",
    "nepal": "nepal ",
    "antigua and barbuda": "antigua and barbuda ",
    "chad": "chad ",
    "djibouti": "djibouti ",
    "dominica": "dominica ",
    "eritrea": "eritrea ",
    "gambia": "gambia ",
    "grenada": "grenada ",
    "vatican city": "vatican city ",
    "montserrat": "montserrat ",
    "mozambique": "mozambique ",
    "papua new guinea": "papua new guinea ",
    "st. vincent grenadines": "st. vincent grenadines ",
    "sint maarten": "sint maarten ",
    "somalia": "somalia ",
    "syria": "syria ",
    "timor-leste": "timor-leste ",
    "uganda": "uganda "
}
